{"graph": {"_type": "graph-file", "sha256": "8f9b26dd399d3e9976a004b1454ee76514cc7fe5d3d3149a2913b91d4f2e146a", "size": 6263, "path": "media/graph/graph_summary_8f9b26dd399d3e9976a0.graph.json"}, "epoch": 6, "_timestamp": 1681306621.5739489, "loss": 1.2665268182754517, "accuracy": 0.5162841081619263, "val_loss": 1.5506930351257324, "val_accuracy": 0.4715099632740021, "lr": 0.0010000000474974513, "_runtime": 7862.022688865662, "_step": 6, "best_val_loss": 1.2300326824188232, "best_epoch": 5}